id	assumes	provenance
ARROW	★L_q代理定义	人工定标
AUDIT106	SDP-3公开值;vanWee1988公式	人工定标
C117	数值实测	正则(待清洗)
C129	数值实测	正则(待清洗)
C136	清单审计（分离被正性替代	正则(待清洗)
C137	审计：分离被正性替代	正则(待清洗)
C147	不控负部	正则(待清洗)
C157	数值实测	正则(待清洗)
C172	数值实测	正则(待清洗)
C173	数值实测	正则(待清洗)
C176	数值实测	正则(待清洗)
C177	闭合    命中文件数=0 ::	正则(待清洗)
C186	数值实测	正则(待清洗)
C188	数值实测	正则(待清洗)
C196	数值实测	正则(待清洗)
C198	数值实测	正则(待清洗)
C206	数值实测	正则(待清洗)
C210	数值实测	正则(待清洗)
C230	数值实测	正则(待清洗)
C232	数值实测	正则(待清洗)
C238	数值实测	正则(待清洗)
C247	数值实测	正则(待清洗)
C291	条件性;若该线索成立	正则(待清洗)
C294	△单点验证	正则(待清洗)
C299	目标失败	正则(待清洗)
C300	目标失败 → failure 产生局部约束 → 两个可交换的自然	正则(待清洗)
C333	模条件	正则(待清洗)
C334	模条件	正则(待清洗)
C362	数值实测	正则(待清洗)
C372	数值实测	正则(待清洗)
C90	数值实测	正则(待清洗)
C91	数值实测	正则(待清洗)
C94	△Jensen松弛;实测失效;数值实测	正则(待清洗)
DEMAND	★R/U分拆准则未知;★W下界缺失	人工定标
DTRUE	D_true枚举(r≤7)	人工定标
E111	△单点验证	正则(待清洗)
E116	若局部化不成立;若该局部界成立	正则(待清洗)
E135	数值实测	正则(待清洗)
E142	条件性	正则(待清洗)
E156	数值实测	正则(待清洗)
E158	△Jensen松弛	正则(待清洗)
E168	若P-SF成立	正则(待清洗)
E207	数值实测	正则(待清洗)
E210	△单点验证	正则(待清洗)
E213	若幂律成立	正则(待清洗)
E228	数值实测	正则(待清洗)
EMAX	FEAS判定式模型(84变量)	人工定标
F1	定义:μ(x);枚举穷尽性(62/120码)	人工定标
F3	定义:μ(x);枚举穷尽性(62/120码)	人工定标
F7	定义:μ(x)	人工定标
GAMMA	枚举穷尽性(2^28层F)	人工定标
GR	定义:μ(x)	人工定标
H18	枚举穷尽性(2^28层F)	人工定标
H20	枚举穷尽性(2^28层F)	人工定标
H21	枚举穷尽性(2^28层F);★引理LEM4	人工定标
H24	枚举穷尽性(2^28层F)	人工定标
K106	SDP-3公开值	人工定标
K107	★BÖW原文不可得	人工定标
LAMBD	★RH	人工定标
LEM4	端点方程t=6-a-b+c;枚举穷尽性(2^28层F)	人工定标
PMER	△Jensen松弛;枚举穷尽性(2^28层F)	人工定标
ROUTE119	★W下界缺失	人工定标
S103	vanWee1988公式	人工定标
S105	Zhang1991pair文献	人工定标
SCALE	△分拆集中性(仅i=45)	人工定标
SHQ	每R-R对≤2个q	人工定标
SLACK6	★W下界缺失	人工定标
SPEC	枚举穷尽性(2^28层F)	人工定标
T60	定义:μ(x)	人工定标
V101	数值实测	正则(待清洗)
V103	△Jensen松弛;条件性	正则(待清洗)
V107	条件性	正则(待清洗)
V109	若覆盖论证成立	正则(待清洗)
V110	离轴零点 δ 的响应 = 0	正则(待清洗)
V111	数值实测;若对任意输入成立	正则(待清洗)
V113	数值实测;若逐点成立	正则(待清洗)
V115	条件性	正则(待清洗)
V116	△单点验证;若R-A 不成立	正则(待清洗)
V118	若P成立	正则(待清洗)
V124	△Jensen松弛	正则(待清洗)
V129	对相关猜想	正则(待清洗)
V135	条件性	正则(待清洗)
V138	若兼容条件只能成立	正则(待清洗)
V150	数值实测	正则(待清洗)
V151	数值实测	正则(待清洗)
V152	数值实测	正则(待清洗)
V153	数值实测	正则(待清洗)
V165	H 是经验性元规律	正则(待清洗)
V171	条件性	正则(待清洗)
V175	＝逐素数可分＋非退化归一化	正则(待清洗)
V185	数值实测	正则(待清洗)
V191	条件性;若三条成立	正则(待清洗)
V199	RH 下被证明	正则(待清洗)
V218	数值实测	正则(待清洗)
V223	数值实测	正则(待清洗)
V230	△Jensen松弛	正则(待清洗)
V235	△Jensen松弛;条件性	正则(待清洗)
V236	数值实测	正则(待清洗)
V237	数值实测	正则(待清洗)
V238	数值实测	正则(待清洗)
V239	数值实测	正则(待清洗)
V240	数值实测	正则(待清洗)
V243	数值实测	正则(待清洗)
V253	若A成立	正则(待清洗)
V258	数值实测	正则(待清洗)
V259	数值实测;的否定全部已被本档案覆盖 ——	正则(待清洗)
V269	若所有有限兼容条件成立	正则(待清洗)
V270	数值实测	正则(待清洗)
V272	条件性;纪律为主线 ＋ 并入 回复 1 的 G3 刀口	正则(待清洗)
V273	Ш 型为 cylinder	正则(待清洗)
V288	若反向蕴含不成立	正则(待清洗)
V291	下的 iff 判据;与结论;条件性	正则(待清洗)
V292	条件性	正则(待清洗)
V293	条件性	正则(待清洗)
V294	逐条放松	正则(待清洗)
V295	数值实测	正则(待清洗)
V298	数值实测	正则(待清洗)
V299	若焊接成立	正则(待清洗)
V304	条件性	正则(待清洗)
V311	数值实测	正则(待清洗)
V313	模条件	正则(待清洗)
V314	数值实测	正则(待清洗)
V319	条件性	正则(待清洗)
